country_iso2,indicator_code,period,value,as_of,source_url,source_table,retrieved_at
AE,RSF.PRESS.SCORE,2021,44.46,2022-05-03,https://rsf.org/sites/default/files/import_classement/2022.csv,"RSF World Press Freedom Index 2022, global score column (0-100, higher = freer); assesses calendar year 2021. Index page: https://rsf.org/en/index",2026-09-22
AE,RSF.PRESS.SCORE,2022,42.99,2023-05-03,https://rsf.org/sites/default/files/import_classement/2023.csv,"RSF World Press Freedom Index 2023, global score column (0-100, higher = freer); assesses calendar year 2022. Index page: https://rsf.org/en/index",2026-09-22
AE,RSF.PRESS.SCORE,2023,30.62,2024-05-03,https://rsf.org/sites/default/files/import_classement/2024.csv,"RSF World Press Freedom Index 2024, global score column (0-100, higher = freer); assesses calendar year 2023. Index page: https://rsf.org/en/index",2026-09-22
AE,RSF.PRESS.SCORE,2024,26.91,2025-05-03,https://rsf.org/sites/default/files/import_classement/2025.csv,"RSF World Press Freedom Index 2025, global score column (0-100, higher = freer); assesses calendar year 2024. Index page: https://rsf.org/en/index",2026-09-22
AE,RSF.PRESS.SCORE,2025,30.86,2026-05-03,https://rsf.org/sites/default/files/import_classement/2026.csv,"RSF World Press Freedom Index 2026, global score column (0-100, higher = freer); assesses calendar year 2025. Index page: https://rsf.org/en/index",2026-09-22
AU,RSF.PRESS.SCORE,2021,73.77,2022-05-03,https://rsf.org/sites/default/files/import_classement/2022.csv,"RSF World Press Freedom Index 2022, global score column (0-100, higher = freer); assesses calendar year 2021. Index page: https://rsf.org/en/index",2026-09-22
AU,RSF.PRESS.SCORE,2022,78.24,2023-05-03,https://rsf.org/sites/default/files/import_classement/2023.csv,"RSF World Press Freedom Index 2023, global score column (0-100, higher = freer); assesses calendar year 2022. Index page: https://rsf.org/en/index",2026-09-22
AU,RSF.PRESS.SCORE,2023,73.42,2024-05-03,https://rsf.org/sites/default/files/import_classement/2024.csv,"RSF World Press Freedom Index 2024, global score column (0-100, higher = freer); assesses calendar year 2023. Index page: https://rsf.org/en/index",2026-09-22
AU,RSF.PRESS.SCORE,2024,75.15,2025-05-03,https://rsf.org/sites/default/files/import_classement/2025.csv,"RSF World Press Freedom Index 2025, global score column (0-100, higher = freer); assesses calendar year 2024. Index page: https://rsf.org/en/index",2026-09-22
AU,RSF.PRESS.SCORE,2025,74.58,2026-05-03,https://rsf.org/sites/default/files/import_classement/2026.csv,"RSF World Press Freedom Index 2026, global score column (0-100, higher = freer); assesses calendar year 2025. Index page: https://rsf.org/en/index",2026-09-22
AT,RSF.PRESS.SCORE,2021,76.74,2022-05-03,https://rsf.org/sites/default/files/import_classement/2022.csv,"RSF World Press Freedom Index 2022, global score column (0-100, higher = freer); assesses calendar year 2021. Index page: https://rsf.org/en/index",2026-09-22
AT,RSF.PRESS.SCORE,2022,77.3,2023-05-03,https://rsf.org/sites/default/files/import_classement/2023.csv,"RSF World Press Freedom Index 2023, global score column (0-100, higher = freer); assesses calendar year 2022. Index page: https://rsf.org/en/index",2026-09-22
AT,RSF.PRESS.SCORE,2023,74.69,2024-05-03,https://rsf.org/sites/default/files/import_classement/2024.csv,"RSF World Press Freedom Index 2024, global score column (0-100, higher = freer); assesses calendar year 2023. Index page: https://rsf.org/en/index",2026-09-22
AT,RSF.PRESS.SCORE,2024,78.12,2025-05-03,https://rsf.org/sites/default/files/import_classement/2025.csv,"RSF World Press Freedom Index 2025, global score column (0-100, higher = freer); assesses calendar year 2024. Index page: https://rsf.org/en/index",2026-09-22
AT,RSF.PRESS.SCORE,2025,79.43,2026-05-03,https://rsf.org/sites/default/files/import_classement/2026.csv,"RSF World Press Freedom Index 2026, global score column (0-100, higher = freer); assesses calendar year 2025. Index page: https://rsf.org/en/index",2026-09-22
BE,RSF.PRESS.SCORE,2021,78.86,2022-05-03,https://rsf.org/sites/default/files/import_classement/2022.csv,"RSF World Press Freedom Index 2022, global score column (0-100, higher = freer); assesses calendar year 2021. Index page: https://rsf.org/en/index",2026-09-22
BE,RSF.PRESS.SCORE,2022,76.47,2023-05-03,https://rsf.org/sites/default/files/import_classement/2023.csv,"RSF World Press Freedom Index 2023, global score column (0-100, higher = freer); assesses calendar year 2022. Index page: https://rsf.org/en/index",2026-09-22
BE,RSF.PRESS.SCORE,2023,81.49,2024-05-03,https://rsf.org/sites/default/files/import_classement/2024.csv,"RSF World Press Freedom Index 2024, global score column (0-100, higher = freer); assesses calendar year 2023. Index page: https://rsf.org/en/index",2026-09-22
BE,RSF.PRESS.SCORE,2024,80.12,2025-05-03,https://rsf.org/sites/default/files/import_classement/2025.csv,"RSF World Press Freedom Index 2025, global score column (0-100, higher = freer); assesses calendar year 2024. Index page: https://rsf.org/en/index",2026-09-22
BE,RSF.PRESS.SCORE,2025,81.17,2026-05-03,https://rsf.org/sites/default/files/import_classement/2026.csv,"RSF World Press Freedom Index 2026, global score column (0-100, higher = freer); assesses calendar year 2025. Index page: https://rsf.org/en/index",2026-09-22
BR,RSF.PRESS.SCORE,2021,55.36,2022-05-03,https://rsf.org/sites/default/files/import_classement/2022.csv,"RSF World Press Freedom Index 2022, global score column (0-100, higher = freer); assesses calendar year 2021. Index page: https://rsf.org/en/index",2026-09-22
BR,RSF.PRESS.SCORE,2022,58.67,2023-05-03,https://rsf.org/sites/default/files/import_classement/2023.csv,"RSF World Press Freedom Index 2023, global score column (0-100, higher = freer); assesses calendar year 2022. Index page: https://rsf.org/en/index",2026-09-22
BR,RSF.PRESS.SCORE,2023,58.59,2024-05-03,https://rsf.org/sites/default/files/import_classement/2024.csv,"RSF World Press Freedom Index 2024, global score column (0-100, higher = freer); assesses calendar year 2023. Index page: https://rsf.org/en/index",2026-09-22
BR,RSF.PRESS.SCORE,2024,63.8,2025-05-03,https://rsf.org/sites/default/files/import_classement/2025.csv,"RSF World Press Freedom Index 2025, global score column (0-100, higher = freer); assesses calendar year 2024. Index page: https://rsf.org/en/index",2026-09-22
BR,RSF.PRESS.SCORE,2025,66.37,2026-05-03,https://rsf.org/sites/default/files/import_classement/2026.csv,"RSF World Press Freedom Index 2026, global score column (0-100, higher = freer); assesses calendar year 2025. Index page: https://rsf.org/en/index",2026-09-22
CA,RSF.PRESS.SCORE,2021,81.74,2022-05-03,https://rsf.org/sites/default/files/import_classement/2022.csv,"RSF World Press Freedom Index 2022, global score column (0-100, higher = freer); assesses calendar year 2021. Index page: https://rsf.org/en/index",2026-09-22
CA,RSF.PRESS.SCORE,2022,83.53,2023-05-03,https://rsf.org/sites/default/files/import_classement/2023.csv,"RSF World Press Freedom Index 2023, global score column (0-100, higher = freer); assesses calendar year 2022. Index page: https://rsf.org/en/index",2026-09-22
CA,RSF.PRESS.SCORE,2023,81.7,2024-05-03,https://rsf.org/sites/default/files/import_classement/2024.csv,"RSF World Press Freedom Index 2024, global score column (0-100, higher = freer); assesses calendar year 2023. Index page: https://rsf.org/en/index",2026-09-22
CA,RSF.PRESS.SCORE,2024,78.75,2025-05-03,https://rsf.org/sites/default/files/import_classement/2025.csv,"RSF World Press Freedom Index 2025, global score column (0-100, higher = freer); assesses calendar year 2024. Index page: https://rsf.org/en/index",2026-09-22
CA,RSF.PRESS.SCORE,2025,78.76,2026-05-03,https://rsf.org/sites/default/files/import_classement/2026.csv,"RSF World Press Freedom Index 2026, global score column (0-100, higher = freer); assesses calendar year 2025. Index page: https://rsf.org/en/index",2026-09-22
CH,RSF.PRESS.SCORE,2021,82.72,2022-05-03,https://rsf.org/sites/default/files/import_classement/2022.csv,"RSF World Press Freedom Index 2022, global score column (0-100, higher = freer); assesses calendar year 2021. Index page: https://rsf.org/en/index",2026-09-22
CH,RSF.PRESS.SCORE,2022,84.4,2023-05-03,https://rsf.org/sites/default/files/import_classement/2023.csv,"RSF World Press Freedom Index 2023, global score column (0-100, higher = freer); assesses calendar year 2022. Index page: https://rsf.org/en/index",2026-09-22
CH,RSF.PRESS.SCORE,2023,84.01,2024-05-03,https://rsf.org/sites/default/files/import_classement/2024.csv,"RSF World Press Freedom Index 2024, global score column (0-100, higher = freer); assesses calendar year 2023. Index page: https://rsf.org/en/index",2026-09-22
CH,RSF.PRESS.SCORE,2024,83.98,2025-05-03,https://rsf.org/sites/default/files/import_classement/2025.csv,"RSF World Press Freedom Index 2025, global score column (0-100, higher = freer); assesses calendar year 2024. Index page: https://rsf.org/en/index",2026-09-22
CH,RSF.PRESS.SCORE,2025,84.83,2026-05-03,https://rsf.org/sites/default/files/import_classement/2026.csv,"RSF World Press Freedom Index 2026, global score column (0-100, higher = freer); assesses calendar year 2025. Index page: https://rsf.org/en/index",2026-09-22
CL,RSF.PRESS.SCORE,2021,60.61,2022-05-03,https://rsf.org/sites/default/files/import_classement/2022.csv,"RSF World Press Freedom Index 2022, global score column (0-100, higher = freer); assesses calendar year 2021. Index page: https://rsf.org/en/index",2026-09-22
CL,RSF.PRESS.SCORE,2022,60.09,2023-05-03,https://rsf.org/sites/default/files/import_classement/2023.csv,"RSF World Press Freedom Index 2023, global score column (0-100, higher = freer); assesses calendar year 2022. Index page: https://rsf.org/en/index",2026-09-22
CL,RSF.PRESS.SCORE,2023,67.32,2024-05-03,https://rsf.org/sites/default/files/import_classement/2024.csv,"RSF World Press Freedom Index 2024, global score column (0-100, higher = freer); assesses calendar year 2023. Index page: https://rsf.org/en/index",2026-09-22
CL,RSF.PRESS.SCORE,2024,62.25,2025-05-03,https://rsf.org/sites/default/files/import_classement/2025.csv,"RSF World Press Freedom Index 2025, global score column (0-100, higher = freer); assesses calendar year 2024. Index page: https://rsf.org/en/index",2026-09-22
CL,RSF.PRESS.SCORE,2025,60.84,2026-05-03,https://rsf.org/sites/default/files/import_classement/2026.csv,"RSF World Press Freedom Index 2026, global score column (0-100, higher = freer); assesses calendar year 2025. Index page: https://rsf.org/en/index",2026-09-22
CN,RSF.PRESS.SCORE,2021,25.17,2022-05-03,https://rsf.org/sites/default/files/import_classement/2022.csv,"RSF World Press Freedom Index 2022, global score column (0-100, higher = freer); assesses calendar year 2021. Index page: https://rsf.org/en/index",2026-09-22
CN,RSF.PRESS.SCORE,2022,22.97,2023-05-03,https://rsf.org/sites/default/files/import_classement/2023.csv,"RSF World Press Freedom Index 2023, global score column (0-100, higher = freer); assesses calendar year 2022. Index page: https://rsf.org/en/index",2026-09-22
CN,RSF.PRESS.SCORE,2023,23.36,2024-05-03,https://rsf.org/sites/default/files/import_classement/2024.csv,"RSF World Press Freedom Index 2024, global score column (0-100, higher = freer); assesses calendar year 2023. Index page: https://rsf.org/en/index",2026-09-22
CN,RSF.PRESS.SCORE,2024,14.8,2025-05-03,https://rsf.org/sites/default/files/import_classement/2025.csv,"RSF World Press Freedom Index 2025, global score column (0-100, higher = freer); assesses calendar year 2024. Index page: https://rsf.org/en/index",2026-09-22
CN,RSF.PRESS.SCORE,2025,13.85,2026-05-03,https://rsf.org/sites/default/files/import_classement/2026.csv,"RSF World Press Freedom Index 2026, global score column (0-100, higher = freer); assesses calendar year 2025. Index page: https://rsf.org/en/index",2026-09-22
CO,RSF.PRESS.SCORE,2021,42.43,2022-05-03,https://rsf.org/sites/default/files/import_classement/2022.csv,"RSF World Press Freedom Index 2022, global score column (0-100, higher = freer); assesses calendar year 2021. Index page: https://rsf.org/en/index",2026-09-22
CO,RSF.PRESS.SCORE,2022,45.23,2023-05-03,https://rsf.org/sites/default/files/import_classement/2023.csv,"RSF World Press Freedom Index 2023, global score column (0-100, higher = freer); assesses calendar year 2022. Index page: https://rsf.org/en/index",2026-09-22
CO,RSF.PRESS.SCORE,2023,49.63,2024-05-03,https://rsf.org/sites/default/files/import_classement/2024.csv,"RSF World Press Freedom Index 2024, global score column (0-100, higher = freer); assesses calendar year 2023. Index page: https://rsf.org/en/index",2026-09-22
CO,RSF.PRESS.SCORE,2024,49.8,2025-05-03,https://rsf.org/sites/default/files/import_classement/2025.csv,"RSF World Press Freedom Index 2025, global score column (0-100, higher = freer); assesses calendar year 2024. Index page: https://rsf.org/en/index",2026-09-22
CO,RSF.PRESS.SCORE,2025,51.66,2026-05-03,https://rsf.org/sites/default/files/import_classement/2026.csv,"RSF World Press Freedom Index 2026, global score column (0-100, higher = freer); assesses calendar year 2025. Index page: https://rsf.org/en/index",2026-09-22
CZ,RSF.PRESS.SCORE,2021,80.54,2022-05-03,https://rsf.org/sites/default/files/import_classement/2022.csv,"RSF World Press Freedom Index 2022, global score column (0-100, higher = freer); assesses calendar year 2021. Index page: https://rsf.org/en/index",2026-09-22
CZ,RSF.PRESS.SCORE,2022,83.58,2023-05-03,https://rsf.org/sites/default/files/import_classement/2023.csv,"RSF World Press Freedom Index 2023, global score column (0-100, higher = freer); assesses calendar year 2022. Index page: https://rsf.org/en/index",2026-09-22
CZ,RSF.PRESS.SCORE,2023,80.14,2024-05-03,https://rsf.org/sites/default/files/import_classement/2024.csv,"RSF World Press Freedom Index 2024, global score column (0-100, higher = freer); assesses calendar year 2023. Index page: https://rsf.org/en/index",2026-09-22
CZ,RSF.PRESS.SCORE,2024,83.96,2025-05-03,https://rsf.org/sites/default/files/import_classement/2025.csv,"RSF World Press Freedom Index 2025, global score column (0-100, higher = freer); assesses calendar year 2024. Index page: https://rsf.org/en/index",2026-09-22
CZ,RSF.PRESS.SCORE,2025,83.01,2026-05-03,https://rsf.org/sites/default/files/import_classement/2026.csv,"RSF World Press Freedom Index 2026, global score column (0-100, higher = freer); assesses calendar year 2025. Index page: https://rsf.org/en/index",2026-09-22
DE,RSF.PRESS.SCORE,2021,82.04,2022-05-03,https://rsf.org/sites/default/files/import_classement/2022.csv,"RSF World Press Freedom Index 2022, global score column (0-100, higher = freer); assesses calendar year 2021. Index page: https://rsf.org/en/index",2026-09-22
DE,RSF.PRESS.SCORE,2022,81.91,2023-05-03,https://rsf.org/sites/default/files/import_classement/2023.csv,"RSF World Press Freedom Index 2023, global score column (0-100, higher = freer); assesses calendar year 2022. Index page: https://rsf.org/en/index",2026-09-22
DE,RSF.PRESS.SCORE,2023,83.84,2024-05-03,https://rsf.org/sites/default/files/import_classement/2024.csv,"RSF World Press Freedom Index 2024, global score column (0-100, higher = freer); assesses calendar year 2023. Index page: https://rsf.org/en/index",2026-09-22
DE,RSF.PRESS.SCORE,2024,83.85,2025-05-03,https://rsf.org/sites/default/files/import_classement/2025.csv,"RSF World Press Freedom Index 2025, global score column (0-100, higher = freer); assesses calendar year 2024. Index page: https://rsf.org/en/index",2026-09-22
DE,RSF.PRESS.SCORE,2025,82.17,2026-05-03,https://rsf.org/sites/default/files/import_classement/2026.csv,"RSF World Press Freedom Index 2026, global score column (0-100, higher = freer); assesses calendar year 2025. Index page: https://rsf.org/en/index",2026-09-22
DK,RSF.PRESS.SCORE,2021,90.27,2022-05-03,https://rsf.org/sites/default/files/import_classement/2022.csv,"RSF World Press Freedom Index 2022, global score column (0-100, higher = freer); assesses calendar year 2021. Index page: https://rsf.org/en/index",2026-09-22
DK,RSF.PRESS.SCORE,2022,89.48,2023-05-03,https://rsf.org/sites/default/files/import_classement/2023.csv,"RSF World Press Freedom Index 2023, global score column (0-100, higher = freer); assesses calendar year 2022. Index page: https://rsf.org/en/index",2026-09-22
DK,RSF.PRESS.SCORE,2023,89.6,2024-05-03,https://rsf.org/sites/default/files/import_classement/2024.csv,"RSF World Press Freedom Index 2024, global score column (0-100, higher = freer); assesses calendar year 2023. Index page: https://rsf.org/en/index",2026-09-22
DK,RSF.PRESS.SCORE,2024,86.93,2025-05-03,https://rsf.org/sites/default/files/import_classement/2025.csv,"RSF World Press Freedom Index 2025, global score column (0-100, higher = freer); assesses calendar year 2024. Index page: https://rsf.org/en/index",2026-09-22
DK,RSF.PRESS.SCORE,2025,88.47,2026-05-03,https://rsf.org/sites/default/files/import_classement/2026.csv,"RSF World Press Freedom Index 2026, global score column (0-100, higher = freer); assesses calendar year 2025. Index page: https://rsf.org/en/index",2026-09-22
EG,RSF.PRESS.SCORE,2021,30.23,2022-05-03,https://rsf.org/sites/default/files/import_classement/2022.csv,"RSF World Press Freedom Index 2022, global score column (0-100, higher = freer); assesses calendar year 2021. Index page: https://rsf.org/en/index",2026-09-22
EG,RSF.PRESS.SCORE,2022,33.37,2023-05-03,https://rsf.org/sites/default/files/import_classement/2023.csv,"RSF World Press Freedom Index 2023, global score column (0-100, higher = freer); assesses calendar year 2022. Index page: https://rsf.org/en/index",2026-09-22
EG,RSF.PRESS.SCORE,2023,25.1,2024-05-03,https://rsf.org/sites/default/files/import_classement/2024.csv,"RSF World Press Freedom Index 2024, global score column (0-100, higher = freer); assesses calendar year 2023. Index page: https://rsf.org/en/index",2026-09-22
EG,RSF.PRESS.SCORE,2024,24.74,2025-05-03,https://rsf.org/sites/default/files/import_classement/2025.csv,"RSF World Press Freedom Index 2025, global score column (0-100, higher = freer); assesses calendar year 2024. Index page: https://rsf.org/en/index",2026-09-22
EG,RSF.PRESS.SCORE,2025,24.92,2026-05-03,https://rsf.org/sites/default/files/import_classement/2026.csv,"RSF World Press Freedom Index 2026, global score column (0-100, higher = freer); assesses calendar year 2025. Index page: https://rsf.org/en/index",2026-09-22
ES,RSF.PRESS.SCORE,2021,76.71,2022-05-03,https://rsf.org/sites/default/files/import_classement/2022.csv,"RSF World Press Freedom Index 2022, global score column (0-100, higher = freer); assesses calendar year 2021. Index page: https://rsf.org/en/index",2026-09-22
ES,RSF.PRESS.SCORE,2022,75.37,2023-05-03,https://rsf.org/sites/default/files/import_classement/2023.csv,"RSF World Press Freedom Index 2023, global score column (0-100, higher = freer); assesses calendar year 2022. Index page: https://rsf.org/en/index",2026-09-22
ES,RSF.PRESS.SCORE,2023,76.01,2024-05-03,https://rsf.org/sites/default/files/import_classement/2024.csv,"RSF World Press Freedom Index 2024, global score column (0-100, higher = freer); assesses calendar year 2023. Index page: https://rsf.org/en/index",2026-09-22
ES,RSF.PRESS.SCORE,2024,77.35,2025-05-03,https://rsf.org/sites/default/files/import_classement/2025.csv,"RSF World Press Freedom Index 2025, global score column (0-100, higher = freer); assesses calendar year 2024. Index page: https://rsf.org/en/index",2026-09-22
ES,RSF.PRESS.SCORE,2025,75.42,2026-05-03,https://rsf.org/sites/default/files/import_classement/2026.csv,"RSF World Press Freedom Index 2026, global score column (0-100, higher = freer); assesses calendar year 2025. Index page: https://rsf.org/en/index",2026-09-22
FI,RSF.PRESS.SCORE,2021,88.42,2022-05-03,https://rsf.org/sites/default/files/import_classement/2022.csv,"RSF World Press Freedom Index 2022, global score column (0-100, higher = freer); assesses calendar year 2021. Index page: https://rsf.org/en/index",2026-09-22
FI,RSF.PRESS.SCORE,2022,87.94,2023-05-03,https://rsf.org/sites/default/files/import_classement/2023.csv,"RSF World Press Freedom Index 2023, global score column (0-100, higher = freer); assesses calendar year 2022. Index page: https://rsf.org/en/index",2026-09-22
FI,RSF.PRESS.SCORE,2023,86.55,2024-05-03,https://rsf.org/sites/default/files/import_classement/2024.csv,"RSF World Press Freedom Index 2024, global score column (0-100, higher = freer); assesses calendar year 2023. Index page: https://rsf.org/en/index",2026-09-22
FI,RSF.PRESS.SCORE,2024,87.18,2025-05-03,https://rsf.org/sites/default/files/import_classement/2025.csv,"RSF World Press Freedom Index 2025, global score column (0-100, higher = freer); assesses calendar year 2024. Index page: https://rsf.org/en/index",2026-09-22
FI,RSF.PRESS.SCORE,2025,86.22,2026-05-03,https://rsf.org/sites/default/files/import_classement/2026.csv,"RSF World Press Freedom Index 2026, global score column (0-100, higher = freer); assesses calendar year 2025. Index page: https://rsf.org/en/index",2026-09-22
FR,RSF.PRESS.SCORE,2021,78.53,2022-05-03,https://rsf.org/sites/default/files/import_classement/2022.csv,"RSF World Press Freedom Index 2022, global score column (0-100, higher = freer); assesses calendar year 2021. Index page: https://rsf.org/en/index",2026-09-22
FR,RSF.PRESS.SCORE,2022,78.72,2023-05-03,https://rsf.org/sites/default/files/import_classement/2023.csv,"RSF World Press Freedom Index 2023, global score column (0-100, higher = freer); assesses calendar year 2022. Index page: https://rsf.org/en/index",2026-09-22
FR,RSF.PRESS.SCORE,2023,78.65,2024-05-03,https://rsf.org/sites/default/files/import_classement/2024.csv,"RSF World Press Freedom Index 2024, global score column (0-100, higher = freer); assesses calendar year 2023. Index page: https://rsf.org/en/index",2026-09-22
FR,RSF.PRESS.SCORE,2024,76.62,2025-05-03,https://rsf.org/sites/default/files/import_classement/2025.csv,"RSF World Press Freedom Index 2025, global score column (0-100, higher = freer); assesses calendar year 2024. Index page: https://rsf.org/en/index",2026-09-22
FR,RSF.PRESS.SCORE,2025,76.68,2026-05-03,https://rsf.org/sites/default/files/import_classement/2026.csv,"RSF World Press Freedom Index 2026, global score column (0-100, higher = freer); assesses calendar year 2025. Index page: https://rsf.org/en/index",2026-09-22
GB,RSF.PRESS.SCORE,2021,78.71,2022-05-03,https://rsf.org/sites/default/files/import_classement/2022.csv,"RSF World Press Freedom Index 2022, global score column (0-100, higher = freer); assesses calendar year 2021. Index page: https://rsf.org/en/index",2026-09-22
GB,RSF.PRESS.SCORE,2022,78.51,2023-05-03,https://rsf.org/sites/default/files/import_classement/2023.csv,"RSF World Press Freedom Index 2023, global score column (0-100, higher = freer); assesses calendar year 2022. Index page: https://rsf.org/en/index",2026-09-22
GB,RSF.PRESS.SCORE,2023,77.51,2024-05-03,https://rsf.org/sites/default/files/import_classement/2024.csv,"RSF World Press Freedom Index 2024, global score column (0-100, higher = freer); assesses calendar year 2023. Index page: https://rsf.org/en/index",2026-09-22
GB,RSF.PRESS.SCORE,2024,78.89,2025-05-03,https://rsf.org/sites/default/files/import_classement/2025.csv,"RSF World Press Freedom Index 2025, global score column (0-100, higher = freer); assesses calendar year 2024. Index page: https://rsf.org/en/index",2026-09-22
GB,RSF.PRESS.SCORE,2025,79.45,2026-05-03,https://rsf.org/sites/default/files/import_classement/2026.csv,"RSF World Press Freedom Index 2026, global score column (0-100, higher = freer); assesses calendar year 2025. Index page: https://rsf.org/en/index",2026-09-22
GR,RSF.PRESS.SCORE,2021,55.52,2022-05-03,https://rsf.org/sites/default/files/import_classement/2022.csv,"RSF World Press Freedom Index 2022, global score column (0-100, higher = freer); assesses calendar year 2021. Index page: https://rsf.org/en/index",2026-09-22
GR,RSF.PRESS.SCORE,2022,55.2,2023-05-03,https://rsf.org/sites/default/files/import_classement/2023.csv,"RSF World Press Freedom Index 2023, global score column (0-100, higher = freer); assesses calendar year 2022. Index page: https://rsf.org/en/index",2026-09-22
GR,RSF.PRESS.SCORE,2023,57.15,2024-05-03,https://rsf.org/sites/default/files/import_classement/2024.csv,"RSF World Press Freedom Index 2024, global score column (0-100, higher = freer); assesses calendar year 2023. Index page: https://rsf.org/en/index",2026-09-22
GR,RSF.PRESS.SCORE,2024,55.37,2025-05-03,https://rsf.org/sites/default/files/import_classement/2025.csv,"RSF World Press Freedom Index 2025, global score column (0-100, higher = freer); assesses calendar year 2024. Index page: https://rsf.org/en/index",2026-09-22
GR,RSF.PRESS.SCORE,2025,55.05,2026-05-03,https://rsf.org/sites/default/files/import_classement/2026.csv,"RSF World Press Freedom Index 2026, global score column (0-100, higher = freer); assesses calendar year 2025. Index page: https://rsf.org/en/index",2026-09-22
HK,RSF.PRESS.SCORE,2021,41.64,2022-05-03,https://rsf.org/sites/default/files/import_classement/2022.csv,"RSF World Press Freedom Index 2022, global score column (0-100, higher = freer); assesses calendar year 2021. Index page: https://rsf.org/en/index",2026-09-22
HK,RSF.PRESS.SCORE,2022,44.86,2023-05-03,https://rsf.org/sites/default/files/import_classement/2023.csv,"RSF World Press Freedom Index 2023, global score column (0-100, higher = freer); assesses calendar year 2022. Index page: https://rsf.org/en/index",2026-09-22
HK,RSF.PRESS.SCORE,2023,43.06,2024-05-03,https://rsf.org/sites/default/files/import_classement/2024.csv,"RSF World Press Freedom Index 2024, global score column (0-100, higher = freer); assesses calendar year 2023. Index page: https://rsf.org/en/index",2026-09-22
HK,RSF.PRESS.SCORE,2024,39.86,2025-05-03,https://rsf.org/sites/default/files/import_classement/2025.csv,"RSF World Press Freedom Index 2025, global score column (0-100, higher = freer); assesses calendar year 2024. Index page: https://rsf.org/en/index",2026-09-22
HK,RSF.PRESS.SCORE,2025,39.49,2026-05-03,https://rsf.org/sites/default/files/import_classement/2026.csv,"RSF World Press Freedom Index 2026, global score column (0-100, higher = freer); assesses calendar year 2025. Index page: https://rsf.org/en/index",2026-09-22
HU,RSF.PRESS.SCORE,2021,59.8,2022-05-03,https://rsf.org/sites/default/files/import_classement/2022.csv,"RSF World Press Freedom Index 2022, global score column (0-100, higher = freer); assesses calendar year 2021. Index page: https://rsf.org/en/index",2026-09-22
HU,RSF.PRESS.SCORE,2022,62.96,2023-05-03,https://rsf.org/sites/default/files/import_classement/2023.csv,"RSF World Press Freedom Index 2023, global score column (0-100, higher = freer); assesses calendar year 2022. Index page: https://rsf.org/en/index",2026-09-22
HU,RSF.PRESS.SCORE,2023,62.98,2024-05-03,https://rsf.org/sites/default/files/import_classement/2024.csv,"RSF World Press Freedom Index 2024, global score column (0-100, higher = freer); assesses calendar year 2023. Index page: https://rsf.org/en/index",2026-09-22
HU,RSF.PRESS.SCORE,2024,62.82,2025-05-03,https://rsf.org/sites/default/files/import_classement/2025.csv,"RSF World Press Freedom Index 2025, global score column (0-100, higher = freer); assesses calendar year 2024. Index page: https://rsf.org/en/index",2026-09-22
HU,RSF.PRESS.SCORE,2025,59.85,2026-05-03,https://rsf.org/sites/default/files/import_classement/2026.csv,"RSF World Press Freedom Index 2026, global score column (0-100, higher = freer); assesses calendar year 2025. Index page: https://rsf.org/en/index",2026-09-22
ID,RSF.PRESS.SCORE,2021,49.27,2022-05-03,https://rsf.org/sites/default/files/import_classement/2022.csv,"RSF World Press Freedom Index 2022, global score column (0-100, higher = freer); assesses calendar year 2021. Index page: https://rsf.org/en/index",2026-09-22
ID,RSF.PRESS.SCORE,2022,54.83,2023-05-03,https://rsf.org/sites/default/files/import_classement/2023.csv,"RSF World Press Freedom Index 2023, global score column (0-100, higher = freer); assesses calendar year 2022. Index page: https://rsf.org/en/index",2026-09-22
ID,RSF.PRESS.SCORE,2023,51.15,2024-05-03,https://rsf.org/sites/default/files/import_classement/2024.csv,"RSF World Press Freedom Index 2024, global score column (0-100, higher = freer); assesses calendar year 2023. Index page: https://rsf.org/en/index",2026-09-22
ID,RSF.PRESS.SCORE,2024,44.13,2025-05-03,https://rsf.org/sites/default/files/import_classement/2025.csv,"RSF World Press Freedom Index 2025, global score column (0-100, higher = freer); assesses calendar year 2024. Index page: https://rsf.org/en/index",2026-09-22
ID,RSF.PRESS.SCORE,2025,43.02,2026-05-03,https://rsf.org/sites/default/files/import_classement/2026.csv,"RSF World Press Freedom Index 2026, global score column (0-100, higher = freer); assesses calendar year 2025. Index page: https://rsf.org/en/index",2026-09-22
IN,RSF.PRESS.SCORE,2021,41.0,2022-05-03,https://rsf.org/sites/default/files/import_classement/2022.csv,"RSF World Press Freedom Index 2022, global score column (0-100, higher = freer); assesses calendar year 2021. Index page: https://rsf.org/en/index",2026-09-22
IN,RSF.PRESS.SCORE,2022,36.62,2023-05-03,https://rsf.org/sites/default/files/import_classement/2023.csv,"RSF World Press Freedom Index 2023, global score column (0-100, higher = freer); assesses calendar year 2022. Index page: https://rsf.org/en/index",2026-09-22
IN,RSF.PRESS.SCORE,2023,31.28,2024-05-03,https://rsf.org/sites/default/files/import_classement/2024.csv,"RSF World Press Freedom Index 2024, global score column (0-100, higher = freer); assesses calendar year 2023. Index page: https://rsf.org/en/index",2026-09-22
IN,RSF.PRESS.SCORE,2024,32.96,2025-05-03,https://rsf.org/sites/default/files/import_classement/2025.csv,"RSF World Press Freedom Index 2025, global score column (0-100, higher = freer); assesses calendar year 2024. Index page: https://rsf.org/en/index",2026-09-22
IN,RSF.PRESS.SCORE,2025,31.96,2026-05-03,https://rsf.org/sites/default/files/import_classement/2026.csv,"RSF World Press Freedom Index 2026, global score column (0-100, higher = freer); assesses calendar year 2025. Index page: https://rsf.org/en/index",2026-09-22
IE,RSF.PRESS.SCORE,2021,88.3,2022-05-03,https://rsf.org/sites/default/files/import_classement/2022.csv,"RSF World Press Freedom Index 2022, global score column (0-100, higher = freer); assesses calendar year 2021. Index page: https://rsf.org/en/index",2026-09-22
IE,RSF.PRESS.SCORE,2022,89.91,2023-05-03,https://rsf.org/sites/default/files/import_classement/2023.csv,"RSF World Press Freedom Index 2023, global score column (0-100, higher = freer); assesses calendar year 2022. Index page: https://rsf.org/en/index",2026-09-22
IE,RSF.PRESS.SCORE,2023,85.59,2024-05-03,https://rsf.org/sites/default/files/import_classement/2024.csv,"RSF World Press Freedom Index 2024, global score column (0-100, higher = freer); assesses calendar year 2023. Index page: https://rsf.org/en/index",2026-09-22
IE,RSF.PRESS.SCORE,2024,86.92,2025-05-03,https://rsf.org/sites/default/files/import_classement/2025.csv,"RSF World Press Freedom Index 2025, global score column (0-100, higher = freer); assesses calendar year 2024. Index page: https://rsf.org/en/index",2026-09-22
IE,RSF.PRESS.SCORE,2025,85.93,2026-05-03,https://rsf.org/sites/default/files/import_classement/2026.csv,"RSF World Press Freedom Index 2026, global score column (0-100, higher = freer); assesses calendar year 2025. Index page: https://rsf.org/en/index",2026-09-22
IL,RSF.PRESS.SCORE,2021,59.62,2022-05-03,https://rsf.org/sites/default/files/import_classement/2022.csv,"RSF World Press Freedom Index 2022, global score column (0-100, higher = freer); assesses calendar year 2021. Index page: https://rsf.org/en/index",2026-09-22
IL,RSF.PRESS.SCORE,2022,57.57,2023-05-03,https://rsf.org/sites/default/files/import_classement/2023.csv,"RSF World Press Freedom Index 2023, global score column (0-100, higher = freer); assesses calendar year 2022. Index page: https://rsf.org/en/index",2026-09-22
IL,RSF.PRESS.SCORE,2023,53.23,2024-05-03,https://rsf.org/sites/default/files/import_classement/2024.csv,"RSF World Press Freedom Index 2024, global score column (0-100, higher = freer); assesses calendar year 2023. Index page: https://rsf.org/en/index",2026-09-22
IL,RSF.PRESS.SCORE,2024,51.05,2025-05-03,https://rsf.org/sites/default/files/import_classement/2025.csv,"RSF World Press Freedom Index 2025, global score column (0-100, higher = freer); assesses calendar year 2024. Index page: https://rsf.org/en/index",2026-09-22
IL,RSF.PRESS.SCORE,2025,46.46,2026-05-03,https://rsf.org/sites/default/files/import_classement/2026.csv,"RSF World Press Freedom Index 2026, global score column (0-100, higher = freer); assesses calendar year 2025. Index page: https://rsf.org/en/index",2026-09-22
IT,RSF.PRESS.SCORE,2021,68.16,2022-05-03,https://rsf.org/sites/default/files/import_classement/2022.csv,"RSF World Press Freedom Index 2022, global score column (0-100, higher = freer); assesses calendar year 2021. Index page: https://rsf.org/en/index",2026-09-22
IT,RSF.PRESS.SCORE,2022,72.05,2023-05-03,https://rsf.org/sites/default/files/import_classement/2023.csv,"RSF World Press Freedom Index 2023, global score column (0-100, higher = freer); assesses calendar year 2022. Index page: https://rsf.org/en/index",2026-09-22
IT,RSF.PRESS.SCORE,2023,69.8,2024-05-03,https://rsf.org/sites/default/files/import_classement/2024.csv,"RSF World Press Freedom Index 2024, global score column (0-100, higher = freer); assesses calendar year 2023. Index page: https://rsf.org/en/index",2026-09-22
IT,RSF.PRESS.SCORE,2024,68.01,2025-05-03,https://rsf.org/sites/default/files/import_classement/2025.csv,"RSF World Press Freedom Index 2025, global score column (0-100, higher = freer); assesses calendar year 2024. Index page: https://rsf.org/en/index",2026-09-22
IT,RSF.PRESS.SCORE,2025,65.16,2026-05-03,https://rsf.org/sites/default/files/import_classement/2026.csv,"RSF World Press Freedom Index 2026, global score column (0-100, higher = freer); assesses calendar year 2025. Index page: https://rsf.org/en/index",2026-09-22
JP,RSF.PRESS.SCORE,2021,64.37,2022-05-03,https://rsf.org/sites/default/files/import_classement/2022.csv,"RSF World Press Freedom Index 2022, global score column (0-100, higher = freer); assesses calendar year 2021. Index page: https://rsf.org/en/index",2026-09-22
JP,RSF.PRESS.SCORE,2022,63.95,2023-05-03,https://rsf.org/sites/default/files/import_classement/2023.csv,"RSF World Press Freedom Index 2023, global score column (0-100, higher = freer); assesses calendar year 2022. Index page: https://rsf.org/en/index",2026-09-22
JP,RSF.PRESS.SCORE,2023,62.12,2024-05-03,https://rsf.org/sites/default/files/import_classement/2024.csv,"RSF World Press Freedom Index 2024, global score column (0-100, higher = freer); assesses calendar year 2023. Index page: https://rsf.org/en/index",2026-09-22
JP,RSF.PRESS.SCORE,2024,63.14,2025-05-03,https://rsf.org/sites/default/files/import_classement/2025.csv,"RSF World Press Freedom Index 2025, global score column (0-100, higher = freer); assesses calendar year 2024. Index page: https://rsf.org/en/index",2026-09-22
JP,RSF.PRESS.SCORE,2025,62.9,2026-05-03,https://rsf.org/sites/default/files/import_classement/2026.csv,"RSF World Press Freedom Index 2026, global score column (0-100, higher = freer); assesses calendar year 2025. Index page: https://rsf.org/en/index",2026-09-22
KR,RSF.PRESS.SCORE,2021,72.11,2022-05-03,https://rsf.org/sites/default/files/import_classement/2022.csv,"RSF World Press Freedom Index 2022, global score column (0-100, higher = freer); assesses calendar year 2021. Index page: https://rsf.org/en/index",2026-09-22
KR,RSF.PRESS.SCORE,2022,70.83,2023-05-03,https://rsf.org/sites/default/files/import_classement/2023.csv,"RSF World Press Freedom Index 2023, global score column (0-100, higher = freer); assesses calendar year 2022. Index page: https://rsf.org/en/index",2026-09-22
KR,RSF.PRESS.SCORE,2023,64.87,2024-05-03,https://rsf.org/sites/default/files/import_classement/2024.csv,"RSF World Press Freedom Index 2024, global score column (0-100, higher = freer); assesses calendar year 2023. Index page: https://rsf.org/en/index",2026-09-22
KR,RSF.PRESS.SCORE,2024,64.06,2025-05-03,https://rsf.org/sites/default/files/import_classement/2025.csv,"RSF World Press Freedom Index 2025, global score column (0-100, higher = freer); assesses calendar year 2024. Index page: https://rsf.org/en/index",2026-09-22
KR,RSF.PRESS.SCORE,2025,69.12,2026-05-03,https://rsf.org/sites/default/files/import_classement/2026.csv,"RSF World Press Freedom Index 2026, global score column (0-100, higher = freer); assesses calendar year 2025. Index page: https://rsf.org/en/index",2026-09-22
KW,RSF.PRESS.SCORE,2021,37.87,2022-05-03,https://rsf.org/sites/default/files/import_classement/2022.csv,"RSF World Press Freedom Index 2022, global score column (0-100, higher = freer); assesses calendar year 2021. Index page: https://rsf.org/en/index",2026-09-22
KW,RSF.PRESS.SCORE,2022,38.84,2023-05-03,https://rsf.org/sites/default/files/import_classement/2023.csv,"RSF World Press Freedom Index 2023, global score column (0-100, higher = freer); assesses calendar year 2022. Index page: https://rsf.org/en/index",2026-09-22
KW,RSF.PRESS.SCORE,2023,44.66,2024-05-03,https://rsf.org/sites/default/files/import_classement/2024.csv,"RSF World Press Freedom Index 2024, global score column (0-100, higher = freer); assesses calendar year 2023. Index page: https://rsf.org/en/index",2026-09-22
KW,RSF.PRESS.SCORE,2024,44.06,2025-05-03,https://rsf.org/sites/default/files/import_classement/2025.csv,"RSF World Press Freedom Index 2025, global score column (0-100, higher = freer); assesses calendar year 2024. Index page: https://rsf.org/en/index",2026-09-22
KW,RSF.PRESS.SCORE,2025,40.44,2026-05-03,https://rsf.org/sites/default/files/import_classement/2026.csv,"RSF World Press Freedom Index 2026, global score column (0-100, higher = freer); assesses calendar year 2025. Index page: https://rsf.org/en/index",2026-09-22
MX,RSF.PRESS.SCORE,2021,47.57,2022-05-03,https://rsf.org/sites/default/files/import_classement/2022.csv,"RSF World Press Freedom Index 2022, global score column (0-100, higher = freer); assesses calendar year 2021. Index page: https://rsf.org/en/index",2026-09-22
MX,RSF.PRESS.SCORE,2022,47.98,2023-05-03,https://rsf.org/sites/default/files/import_classement/2023.csv,"RSF World Press Freedom Index 2023, global score column (0-100, higher = freer); assesses calendar year 2022. Index page: https://rsf.org/en/index",2026-09-22
MX,RSF.PRESS.SCORE,2023,49.01,2024-05-03,https://rsf.org/sites/default/files/import_classement/2024.csv,"RSF World Press Freedom Index 2024, global score column (0-100, higher = freer); assesses calendar year 2023. Index page: https://rsf.org/en/index",2026-09-22
MX,RSF.PRESS.SCORE,2024,45.55,2025-05-03,https://rsf.org/sites/default/files/import_classement/2025.csv,"RSF World Press Freedom Index 2025, global score column (0-100, higher = freer); assesses calendar year 2024. Index page: https://rsf.org/en/index",2026-09-22
MX,RSF.PRESS.SCORE,2025,45.23,2026-05-03,https://rsf.org/sites/default/files/import_classement/2026.csv,"RSF World Press Freedom Index 2026, global score column (0-100, higher = freer); assesses calendar year 2025. Index page: https://rsf.org/en/index",2026-09-22
MY,RSF.PRESS.SCORE,2021,51.55,2022-05-03,https://rsf.org/sites/default/files/import_classement/2022.csv,"RSF World Press Freedom Index 2022, global score column (0-100, higher = freer); assesses calendar year 2021. Index page: https://rsf.org/en/index",2026-09-22
MY,RSF.PRESS.SCORE,2022,62.83,2023-05-03,https://rsf.org/sites/default/files/import_classement/2023.csv,"RSF World Press Freedom Index 2023, global score column (0-100, higher = freer); assesses calendar year 2022. Index page: https://rsf.org/en/index",2026-09-22
MY,RSF.PRESS.SCORE,2023,52.07,2024-05-03,https://rsf.org/sites/default/files/import_classement/2024.csv,"RSF World Press Freedom Index 2024, global score column (0-100, higher = freer); assesses calendar year 2023. Index page: https://rsf.org/en/index",2026-09-22
MY,RSF.PRESS.SCORE,2024,56.09,2025-05-03,https://rsf.org/sites/default/files/import_classement/2025.csv,"RSF World Press Freedom Index 2025, global score column (0-100, higher = freer); assesses calendar year 2024. Index page: https://rsf.org/en/index",2026-09-22
MY,RSF.PRESS.SCORE,2025,52.73,2026-05-03,https://rsf.org/sites/default/files/import_classement/2026.csv,"RSF World Press Freedom Index 2026, global score column (0-100, higher = freer); assesses calendar year 2025. Index page: https://rsf.org/en/index",2026-09-22
NL,RSF.PRESS.SCORE,2021,77.93,2022-05-03,https://rsf.org/sites/default/files/import_classement/2022.csv,"RSF World Press Freedom Index 2022, global score column (0-100, higher = freer); assesses calendar year 2021. Index page: https://rsf.org/en/index",2026-09-22
NL,RSF.PRESS.SCORE,2022,87.0,2023-05-03,https://rsf.org/sites/default/files/import_classement/2023.csv,"RSF World Press Freedom Index 2023, global score column (0-100, higher = freer); assesses calendar year 2022. Index page: https://rsf.org/en/index",2026-09-22
NL,RSF.PRESS.SCORE,2023,87.73,2024-05-03,https://rsf.org/sites/default/files/import_classement/2024.csv,"RSF World Press Freedom Index 2024, global score column (0-100, higher = freer); assesses calendar year 2023. Index page: https://rsf.org/en/index",2026-09-22
NL,RSF.PRESS.SCORE,2024,88.64,2025-05-03,https://rsf.org/sites/default/files/import_classement/2025.csv,"RSF World Press Freedom Index 2025, global score column (0-100, higher = freer); assesses calendar year 2024. Index page: https://rsf.org/en/index",2026-09-22
NL,RSF.PRESS.SCORE,2025,88.92,2026-05-03,https://rsf.org/sites/default/files/import_classement/2026.csv,"RSF World Press Freedom Index 2026, global score column (0-100, higher = freer); assesses calendar year 2025. Index page: https://rsf.org/en/index",2026-09-22
NO,RSF.PRESS.SCORE,2021,92.65,2022-05-03,https://rsf.org/sites/default/files/import_classement/2022.csv,"RSF World Press Freedom Index 2022, global score column (0-100, higher = freer); assesses calendar year 2021. Index page: https://rsf.org/en/index",2026-09-22
NO,RSF.PRESS.SCORE,2022,95.18,2023-05-03,https://rsf.org/sites/default/files/import_classement/2023.csv,"RSF World Press Freedom Index 2023, global score column (0-100, higher = freer); assesses calendar year 2022. Index page: https://rsf.org/en/index",2026-09-22
NO,RSF.PRESS.SCORE,2023,91.89,2024-05-03,https://rsf.org/sites/default/files/import_classement/2024.csv,"RSF World Press Freedom Index 2024, global score column (0-100, higher = freer); assesses calendar year 2023. Index page: https://rsf.org/en/index",2026-09-22
NO,RSF.PRESS.SCORE,2024,92.31,2025-05-03,https://rsf.org/sites/default/files/import_classement/2025.csv,"RSF World Press Freedom Index 2025, global score column (0-100, higher = freer); assesses calendar year 2024. Index page: https://rsf.org/en/index",2026-09-22
NO,RSF.PRESS.SCORE,2025,92.72,2026-05-03,https://rsf.org/sites/default/files/import_classement/2026.csv,"RSF World Press Freedom Index 2026, global score column (0-100, higher = freer); assesses calendar year 2025. Index page: https://rsf.org/en/index",2026-09-22
NZ,RSF.PRESS.SCORE,2021,83.54,2022-05-03,https://rsf.org/sites/default/files/import_classement/2022.csv,"RSF World Press Freedom Index 2022, global score column (0-100, higher = freer); assesses calendar year 2021. Index page: https://rsf.org/en/index",2026-09-22
NZ,RSF.PRESS.SCORE,2022,84.23,2023-05-03,https://rsf.org/sites/default/files/import_classement/2023.csv,"RSF World Press Freedom Index 2023, global score column (0-100, higher = freer); assesses calendar year 2022. Index page: https://rsf.org/en/index",2026-09-22
NZ,RSF.PRESS.SCORE,2023,79.72,2024-05-03,https://rsf.org/sites/default/files/import_classement/2024.csv,"RSF World Press Freedom Index 2024, global score column (0-100, higher = freer); assesses calendar year 2023. Index page: https://rsf.org/en/index",2026-09-22
NZ,RSF.PRESS.SCORE,2024,81.37,2025-05-03,https://rsf.org/sites/default/files/import_classement/2025.csv,"RSF World Press Freedom Index 2025, global score column (0-100, higher = freer); assesses calendar year 2024. Index page: https://rsf.org/en/index",2026-09-22
NZ,RSF.PRESS.SCORE,2025,77.38,2026-05-03,https://rsf.org/sites/default/files/import_classement/2026.csv,"RSF World Press Freedom Index 2026, global score column (0-100, higher = freer); assesses calendar year 2025. Index page: https://rsf.org/en/index",2026-09-22
PE,RSF.PRESS.SCORE,2021,61.75,2022-05-03,https://rsf.org/sites/default/files/import_classement/2022.csv,"RSF World Press Freedom Index 2022, global score column (0-100, higher = freer); assesses calendar year 2021. Index page: https://rsf.org/en/index",2026-09-22
PE,RSF.PRESS.SCORE,2022,52.74,2023-05-03,https://rsf.org/sites/default/files/import_classement/2023.csv,"RSF World Press Freedom Index 2023, global score column (0-100, higher = freer); assesses calendar year 2022. Index page: https://rsf.org/en/index",2026-09-22
PE,RSF.PRESS.SCORE,2023,47.76,2024-05-03,https://rsf.org/sites/default/files/import_classement/2024.csv,"RSF World Press Freedom Index 2024, global score column (0-100, higher = freer); assesses calendar year 2023. Index page: https://rsf.org/en/index",2026-09-22
PE,RSF.PRESS.SCORE,2024,42.88,2025-05-03,https://rsf.org/sites/default/files/import_classement/2025.csv,"RSF World Press Freedom Index 2025, global score column (0-100, higher = freer); assesses calendar year 2024. Index page: https://rsf.org/en/index",2026-09-22
PE,RSF.PRESS.SCORE,2025,37.86,2026-05-03,https://rsf.org/sites/default/files/import_classement/2026.csv,"RSF World Press Freedom Index 2026, global score column (0-100, higher = freer); assesses calendar year 2025. Index page: https://rsf.org/en/index",2026-09-22
PH,RSF.PRESS.SCORE,2021,41.84,2022-05-03,https://rsf.org/sites/default/files/import_classement/2022.csv,"RSF World Press Freedom Index 2022, global score column (0-100, higher = freer); assesses calendar year 2021. Index page: https://rsf.org/en/index",2026-09-22
PH,RSF.PRESS.SCORE,2022,46.21,2023-05-03,https://rsf.org/sites/default/files/import_classement/2023.csv,"RSF World Press Freedom Index 2023, global score column (0-100, higher = freer); assesses calendar year 2022. Index page: https://rsf.org/en/index",2026-09-22
PH,RSF.PRESS.SCORE,2023,43.36,2024-05-03,https://rsf.org/sites/default/files/import_classement/2024.csv,"RSF World Press Freedom Index 2024, global score column (0-100, higher = freer); assesses calendar year 2023. Index page: https://rsf.org/en/index",2026-09-22
PH,RSF.PRESS.SCORE,2024,49.57,2025-05-03,https://rsf.org/sites/default/files/import_classement/2025.csv,"RSF World Press Freedom Index 2025, global score column (0-100, higher = freer); assesses calendar year 2024. Index page: https://rsf.org/en/index",2026-09-22
PH,RSF.PRESS.SCORE,2025,46.79,2026-05-03,https://rsf.org/sites/default/files/import_classement/2026.csv,"RSF World Press Freedom Index 2026, global score column (0-100, higher = freer); assesses calendar year 2025. Index page: https://rsf.org/en/index",2026-09-22
PL,RSF.PRESS.SCORE,2021,65.64,2022-05-03,https://rsf.org/sites/default/files/import_classement/2022.csv,"RSF World Press Freedom Index 2022, global score column (0-100, higher = freer); assesses calendar year 2021. Index page: https://rsf.org/en/index",2026-09-22
PL,RSF.PRESS.SCORE,2022,67.66,2023-05-03,https://rsf.org/sites/default/files/import_classement/2023.csv,"RSF World Press Freedom Index 2023, global score column (0-100, higher = freer); assesses calendar year 2022. Index page: https://rsf.org/en/index",2026-09-22
PL,RSF.PRESS.SCORE,2023,69.17,2024-05-03,https://rsf.org/sites/default/files/import_classement/2024.csv,"RSF World Press Freedom Index 2024, global score column (0-100, higher = freer); assesses calendar year 2023. Index page: https://rsf.org/en/index",2026-09-22
PL,RSF.PRESS.SCORE,2024,74.79,2025-05-03,https://rsf.org/sites/default/files/import_classement/2025.csv,"RSF World Press Freedom Index 2025, global score column (0-100, higher = freer); assesses calendar year 2024. Index page: https://rsf.org/en/index",2026-09-22
PL,RSF.PRESS.SCORE,2025,75.52,2026-05-03,https://rsf.org/sites/default/files/import_classement/2026.csv,"RSF World Press Freedom Index 2026, global score column (0-100, higher = freer); assesses calendar year 2025. Index page: https://rsf.org/en/index",2026-09-22
PT,RSF.PRESS.SCORE,2021,87.07,2022-05-03,https://rsf.org/sites/default/files/import_classement/2022.csv,"RSF World Press Freedom Index 2022, global score column (0-100, higher = freer); assesses calendar year 2021. Index page: https://rsf.org/en/index",2026-09-22
PT,RSF.PRESS.SCORE,2022,84.6,2023-05-03,https://rsf.org/sites/default/files/import_classement/2023.csv,"RSF World Press Freedom Index 2023, global score column (0-100, higher = freer); assesses calendar year 2022. Index page: https://rsf.org/en/index",2026-09-22
PT,RSF.PRESS.SCORE,2023,85.9,2024-05-03,https://rsf.org/sites/default/files/import_classement/2024.csv,"RSF World Press Freedom Index 2024, global score column (0-100, higher = freer); assesses calendar year 2023. Index page: https://rsf.org/en/index",2026-09-22
PT,RSF.PRESS.SCORE,2024,84.26,2025-05-03,https://rsf.org/sites/default/files/import_classement/2025.csv,"RSF World Press Freedom Index 2025, global score column (0-100, higher = freer); assesses calendar year 2024. Index page: https://rsf.org/en/index",2026-09-22
PT,RSF.PRESS.SCORE,2025,83.71,2026-05-03,https://rsf.org/sites/default/files/import_classement/2026.csv,"RSF World Press Freedom Index 2026, global score column (0-100, higher = freer); assesses calendar year 2025. Index page: https://rsf.org/en/index",2026-09-22
QA,RSF.PRESS.SCORE,2021,49.03,2022-05-03,https://rsf.org/sites/default/files/import_classement/2022.csv,"RSF World Press Freedom Index 2022, global score column (0-100, higher = freer); assesses calendar year 2021. Index page: https://rsf.org/en/index",2026-09-22
QA,RSF.PRESS.SCORE,2022,55.28,2023-05-03,https://rsf.org/sites/default/files/import_classement/2023.csv,"RSF World Press Freedom Index 2023, global score column (0-100, higher = freer); assesses calendar year 2022. Index page: https://rsf.org/en/index",2026-09-22
QA,RSF.PRESS.SCORE,2023,58.48,2024-05-03,https://rsf.org/sites/default/files/import_classement/2024.csv,"RSF World Press Freedom Index 2024, global score column (0-100, higher = freer); assesses calendar year 2023. Index page: https://rsf.org/en/index",2026-09-22
QA,RSF.PRESS.SCORE,2024,58.25,2025-05-03,https://rsf.org/sites/default/files/import_classement/2025.csv,"RSF World Press Freedom Index 2025, global score column (0-100, higher = freer); assesses calendar year 2024. Index page: https://rsf.org/en/index",2026-09-22
QA,RSF.PRESS.SCORE,2025,59.79,2026-05-03,https://rsf.org/sites/default/files/import_classement/2026.csv,"RSF World Press Freedom Index 2026, global score column (0-100, higher = freer); assesses calendar year 2025. Index page: https://rsf.org/en/index",2026-09-22
RU,RSF.PRESS.SCORE,2021,38.82,2022-05-03,https://rsf.org/sites/default/files/import_classement/2022.csv,"RSF World Press Freedom Index 2022, global score column (0-100, higher = freer); assesses calendar year 2021. Index page: https://rsf.org/en/index",2026-09-22
RU,RSF.PRESS.SCORE,2022,34.77,2023-05-03,https://rsf.org/sites/default/files/import_classement/2023.csv,"RSF World Press Freedom Index 2023, global score column (0-100, higher = freer); assesses calendar year 2022. Index page: https://rsf.org/en/index",2026-09-22
RU,RSF.PRESS.SCORE,2023,29.86,2024-05-03,https://rsf.org/sites/default/files/import_classement/2024.csv,"RSF World Press Freedom Index 2024, global score column (0-100, higher = freer); assesses calendar year 2023. Index page: https://rsf.org/en/index",2026-09-22
RU,RSF.PRESS.SCORE,2024,24.57,2025-05-03,https://rsf.org/sites/default/files/import_classement/2025.csv,"RSF World Press Freedom Index 2025, global score column (0-100, higher = freer); assesses calendar year 2024. Index page: https://rsf.org/en/index",2026-09-22
RU,RSF.PRESS.SCORE,2025,23.15,2026-05-03,https://rsf.org/sites/default/files/import_classement/2026.csv,"RSF World Press Freedom Index 2026, global score column (0-100, higher = freer); assesses calendar year 2025. Index page: https://rsf.org/en/index",2026-09-22
SA,RSF.PRESS.SCORE,2021,33.71,2022-05-03,https://rsf.org/sites/default/files/import_classement/2022.csv,"RSF World Press Freedom Index 2022, global score column (0-100, higher = freer); assesses calendar year 2021. Index page: https://rsf.org/en/index",2026-09-22
SA,RSF.PRESS.SCORE,2022,32.43,2023-05-03,https://rsf.org/sites/default/files/import_classement/2023.csv,"RSF World Press Freedom Index 2023, global score column (0-100, higher = freer); assesses calendar year 2022. Index page: https://rsf.org/en/index",2026-09-22
SA,RSF.PRESS.SCORE,2023,27.14,2024-05-03,https://rsf.org/sites/default/files/import_classement/2024.csv,"RSF World Press Freedom Index 2024, global score column (0-100, higher = freer); assesses calendar year 2023. Index page: https://rsf.org/en/index",2026-09-22
SA,RSF.PRESS.SCORE,2024,27.94,2025-05-03,https://rsf.org/sites/default/files/import_classement/2025.csv,"RSF World Press Freedom Index 2025, global score column (0-100, higher = freer); assesses calendar year 2024. Index page: https://rsf.org/en/index",2026-09-22
SA,RSF.PRESS.SCORE,2025,19.11,2026-05-03,https://rsf.org/sites/default/files/import_classement/2026.csv,"RSF World Press Freedom Index 2026, global score column (0-100, higher = freer); assesses calendar year 2025. Index page: https://rsf.org/en/index",2026-09-22
SG,RSF.PRESS.SCORE,2021,44.23,2022-05-03,https://rsf.org/sites/default/files/import_classement/2022.csv,"RSF World Press Freedom Index 2022, global score column (0-100, higher = freer); assesses calendar year 2021. Index page: https://rsf.org/en/index",2026-09-22
SG,RSF.PRESS.SCORE,2022,47.88,2023-05-03,https://rsf.org/sites/default/files/import_classement/2023.csv,"RSF World Press Freedom Index 2023, global score column (0-100, higher = freer); assesses calendar year 2022. Index page: https://rsf.org/en/index",2026-09-22
SG,RSF.PRESS.SCORE,2023,47.19,2024-05-03,https://rsf.org/sites/default/files/import_classement/2024.csv,"RSF World Press Freedom Index 2024, global score column (0-100, higher = freer); assesses calendar year 2023. Index page: https://rsf.org/en/index",2026-09-22
SG,RSF.PRESS.SCORE,2024,45.78,2025-05-03,https://rsf.org/sites/default/files/import_classement/2025.csv,"RSF World Press Freedom Index 2025, global score column (0-100, higher = freer); assesses calendar year 2024. Index page: https://rsf.org/en/index",2026-09-22
SG,RSF.PRESS.SCORE,2025,44.57,2026-05-03,https://rsf.org/sites/default/files/import_classement/2026.csv,"RSF World Press Freedom Index 2026, global score column (0-100, higher = freer); assesses calendar year 2025. Index page: https://rsf.org/en/index",2026-09-22
SE,RSF.PRESS.SCORE,2021,88.84,2022-05-03,https://rsf.org/sites/default/files/import_classement/2022.csv,"RSF World Press Freedom Index 2022, global score column (0-100, higher = freer); assesses calendar year 2021. Index page: https://rsf.org/en/index",2026-09-22
SE,RSF.PRESS.SCORE,2022,88.15,2023-05-03,https://rsf.org/sites/default/files/import_classement/2023.csv,"RSF World Press Freedom Index 2023, global score column (0-100, higher = freer); assesses calendar year 2022. Index page: https://rsf.org/en/index",2026-09-22
SE,RSF.PRESS.SCORE,2023,88.32,2024-05-03,https://rsf.org/sites/default/files/import_classement/2024.csv,"RSF World Press Freedom Index 2024, global score column (0-100, higher = freer); assesses calendar year 2023. Index page: https://rsf.org/en/index",2026-09-22
SE,RSF.PRESS.SCORE,2024,88.13,2025-05-03,https://rsf.org/sites/default/files/import_classement/2025.csv,"RSF World Press Freedom Index 2025, global score column (0-100, higher = freer); assesses calendar year 2024. Index page: https://rsf.org/en/index",2026-09-22
SE,RSF.PRESS.SCORE,2025,87.61,2026-05-03,https://rsf.org/sites/default/files/import_classement/2026.csv,"RSF World Press Freedom Index 2026, global score column (0-100, higher = freer); assesses calendar year 2025. Index page: https://rsf.org/en/index",2026-09-22
TH,RSF.PRESS.SCORE,2021,50.15,2022-05-03,https://rsf.org/sites/default/files/import_classement/2022.csv,"RSF World Press Freedom Index 2022, global score column (0-100, higher = freer); assesses calendar year 2021. Index page: https://rsf.org/en/index",2026-09-22
TH,RSF.PRESS.SCORE,2022,55.24,2023-05-03,https://rsf.org/sites/default/files/import_classement/2023.csv,"RSF World Press Freedom Index 2023, global score column (0-100, higher = freer); assesses calendar year 2022. Index page: https://rsf.org/en/index",2026-09-22
TH,RSF.PRESS.SCORE,2023,58.12,2024-05-03,https://rsf.org/sites/default/files/import_classement/2024.csv,"RSF World Press Freedom Index 2024, global score column (0-100, higher = freer); assesses calendar year 2023. Index page: https://rsf.org/en/index",2026-09-22
TH,RSF.PRESS.SCORE,2024,56.72,2025-05-03,https://rsf.org/sites/default/files/import_classement/2025.csv,"RSF World Press Freedom Index 2025, global score column (0-100, higher = freer); assesses calendar year 2024. Index page: https://rsf.org/en/index",2026-09-22
TH,RSF.PRESS.SCORE,2025,53.97,2026-05-03,https://rsf.org/sites/default/files/import_classement/2026.csv,"RSF World Press Freedom Index 2026, global score column (0-100, higher = freer); assesses calendar year 2025. Index page: https://rsf.org/en/index",2026-09-22
TR,RSF.PRESS.SCORE,2021,41.25,2022-05-03,https://rsf.org/sites/default/files/import_classement/2022.csv,"RSF World Press Freedom Index 2022, global score column (0-100, higher = freer); assesses calendar year 2021. Index page: https://rsf.org/en/index",2026-09-22
TR,RSF.PRESS.SCORE,2022,33.97,2023-05-03,https://rsf.org/sites/default/files/import_classement/2023.csv,"RSF World Press Freedom Index 2023, global score column (0-100, higher = freer); assesses calendar year 2022. Index page: https://rsf.org/en/index",2026-09-22
TR,RSF.PRESS.SCORE,2023,31.6,2024-05-03,https://rsf.org/sites/default/files/import_classement/2024.csv,"RSF World Press Freedom Index 2024, global score column (0-100, higher = freer); assesses calendar year 2023. Index page: https://rsf.org/en/index",2026-09-22
TR,RSF.PRESS.SCORE,2024,29.4,2025-05-03,https://rsf.org/sites/default/files/import_classement/2025.csv,"RSF World Press Freedom Index 2025, global score column (0-100, higher = freer); assesses calendar year 2024. Index page: https://rsf.org/en/index",2026-09-22
TR,RSF.PRESS.SCORE,2025,27.94,2026-05-03,https://rsf.org/sites/default/files/import_classement/2026.csv,"RSF World Press Freedom Index 2026, global score column (0-100, higher = freer); assesses calendar year 2025. Index page: https://rsf.org/en/index",2026-09-22
TW,RSF.PRESS.SCORE,2021,74.08,2022-05-03,https://rsf.org/sites/default/files/import_classement/2022.csv,"RSF World Press Freedom Index 2022, global score column (0-100, higher = freer); assesses calendar year 2021. Index page: https://rsf.org/en/index",2026-09-22
TW,RSF.PRESS.SCORE,2022,75.54,2023-05-03,https://rsf.org/sites/default/files/import_classement/2023.csv,"RSF World Press Freedom Index 2023, global score column (0-100, higher = freer); assesses calendar year 2022. Index page: https://rsf.org/en/index",2026-09-22
TW,RSF.PRESS.SCORE,2023,76.13,2024-05-03,https://rsf.org/sites/default/files/import_classement/2024.csv,"RSF World Press Freedom Index 2024, global score column (0-100, higher = freer); assesses calendar year 2023. Index page: https://rsf.org/en/index",2026-09-22
TW,RSF.PRESS.SCORE,2024,77.04,2025-05-03,https://rsf.org/sites/default/files/import_classement/2025.csv,"RSF World Press Freedom Index 2025, global score column (0-100, higher = freer); assesses calendar year 2024. Index page: https://rsf.org/en/index",2026-09-22
TW,RSF.PRESS.SCORE,2025,75.44,2026-05-03,https://rsf.org/sites/default/files/import_classement/2026.csv,"RSF World Press Freedom Index 2026, global score column (0-100, higher = freer); assesses calendar year 2025. Index page: https://rsf.org/en/index",2026-09-22
US,RSF.PRESS.SCORE,2021,72.74,2022-05-03,https://rsf.org/sites/default/files/import_classement/2022.csv,"RSF World Press Freedom Index 2022, global score column (0-100, higher = freer); assesses calendar year 2021. Index page: https://rsf.org/en/index",2026-09-22
US,RSF.PRESS.SCORE,2022,71.22,2023-05-03,https://rsf.org/sites/default/files/import_classement/2023.csv,"RSF World Press Freedom Index 2023, global score column (0-100, higher = freer); assesses calendar year 2022. Index page: https://rsf.org/en/index",2026-09-22
US,RSF.PRESS.SCORE,2023,66.59,2024-05-03,https://rsf.org/sites/default/files/import_classement/2024.csv,"RSF World Press Freedom Index 2024, global score column (0-100, higher = freer); assesses calendar year 2023. Index page: https://rsf.org/en/index",2026-09-22
US,RSF.PRESS.SCORE,2024,65.49,2025-05-03,https://rsf.org/sites/default/files/import_classement/2025.csv,"RSF World Press Freedom Index 2025, global score column (0-100, higher = freer); assesses calendar year 2024. Index page: https://rsf.org/en/index",2026-09-22
US,RSF.PRESS.SCORE,2025,62.61,2026-05-03,https://rsf.org/sites/default/files/import_classement/2026.csv,"RSF World Press Freedom Index 2026, global score column (0-100, higher = freer); assesses calendar year 2025. Index page: https://rsf.org/en/index",2026-09-22
ZA,RSF.PRESS.SCORE,2021,75.56,2022-05-03,https://rsf.org/sites/default/files/import_classement/2022.csv,"RSF World Press Freedom Index 2022, global score column (0-100, higher = freer); assesses calendar year 2021. Index page: https://rsf.org/en/index",2026-09-22
ZA,RSF.PRESS.SCORE,2022,78.6,2023-05-03,https://rsf.org/sites/default/files/import_classement/2023.csv,"RSF World Press Freedom Index 2023, global score column (0-100, higher = freer); assesses calendar year 2022. Index page: https://rsf.org/en/index",2026-09-22
ZA,RSF.PRESS.SCORE,2023,73.73,2024-05-03,https://rsf.org/sites/default/files/import_classement/2024.csv,"RSF World Press Freedom Index 2024, global score column (0-100, higher = freer); assesses calendar year 2023. Index page: https://rsf.org/en/index",2026-09-22
ZA,RSF.PRESS.SCORE,2024,75.71,2025-05-03,https://rsf.org/sites/default/files/import_classement/2025.csv,"RSF World Press Freedom Index 2025, global score column (0-100, higher = freer); assesses calendar year 2024. Index page: https://rsf.org/en/index",2026-09-22
ZA,RSF.PRESS.SCORE,2025,77.95,2026-05-03,https://rsf.org/sites/default/files/import_classement/2026.csv,"RSF World Press Freedom Index 2026, global score column (0-100, higher = freer); assesses calendar year 2025. Index page: https://rsf.org/en/index",2026-09-22
AE,OECD.PISA.MEAN,2022,426.81,2023-12-05,https://www.oecd.org/en/publications/pisa-2022-results-volume-i_53f23881-en.html,"PISA 2022 Results (Volume I), Table I.1 — Snapshot of performance in mathematics, reading and science (statlink https://stat.link/d84fig); mean of mathematics 431.11, reading 417.35, science 431.98",2026-09-22
AT,OECD.PISA.MEAN,2022,486.31,2023-12-05,https://www.oecd.org/en/publications/pisa-2022-results-volume-i_53f23881-en.html,"PISA 2022 Results (Volume I), Table I.1 — Snapshot of performance in mathematics, reading and science (statlink https://stat.link/d84fig); mean of mathematics 487.27, reading 480.41, science 491.27",2026-09-22
AU,OECD.PISA.MEAN,2022,497.38,2023-12-05,https://www.oecd.org/en/publications/pisa-2022-results-volume-i_53f23881-en.html,"PISA 2022 Results (Volume I), Table I.1 — Snapshot of performance in mathematics, reading and science (statlink https://stat.link/d84fig); mean of mathematics 487.08, reading 498.05, science 507.0",2026-09-22
BE,OECD.PISA.MEAN,2022,486.31,2023-12-05,https://www.oecd.org/en/publications/pisa-2022-results-volume-i_53f23881-en.html,"PISA 2022 Results (Volume I), Table I.1 — Snapshot of performance in mathematics, reading and science (statlink https://stat.link/d84fig); mean of mathematics 489.49, reading 478.85, science 490.58",2026-09-22
BR,OECD.PISA.MEAN,2022,397.35,2023-12-05,https://www.oecd.org/en/publications/pisa-2022-results-volume-i_53f23881-en.html,"PISA 2022 Results (Volume I), Table I.1 — Snapshot of performance in mathematics, reading and science (statlink https://stat.link/d84fig); mean of mathematics 378.69, reading 410.36, science 403.0",2026-09-22
CA,OECD.PISA.MEAN,2022,506.37,2023-12-05,https://www.oecd.org/en/publications/pisa-2022-results-volume-i_53f23881-en.html,"PISA 2022 Results (Volume I), Table I.1 — Snapshot of performance in mathematics, reading and science (statlink https://stat.link/d84fig); mean of mathematics 496.95, reading 507.13, science 515.02",2026-09-22
CH,OECD.PISA.MEAN,2022,497.95,2023-12-05,https://www.oecd.org/en/publications/pisa-2022-results-volume-i_53f23881-en.html,"PISA 2022 Results (Volume I), Table I.1 — Snapshot of performance in mathematics, reading and science (statlink https://stat.link/d84fig); mean of mathematics 507.99, reading 483.33, science 502.52",2026-09-22
CL,OECD.PISA.MEAN,2022,434.41,2023-12-05,https://www.oecd.org/en/publications/pisa-2022-results-volume-i_53f23881-en.html,"PISA 2022 Results (Volume I), Table I.1 — Snapshot of performance in mathematics, reading and science (statlink https://stat.link/d84fig); mean of mathematics 411.7, reading 447.98, science 443.54",2026-09-22
CO,OECD.PISA.MEAN,2022,400.83,2023-12-05,https://www.oecd.org/en/publications/pisa-2022-results-volume-i_53f23881-en.html,"PISA 2022 Results (Volume I), Table I.1 — Snapshot of performance in mathematics, reading and science (statlink https://stat.link/d84fig); mean of mathematics 382.7, reading 408.67, science 411.12",2026-09-22
CZ,OECD.PISA.MEAN,2022,491.11,2023-12-05,https://www.oecd.org/en/publications/pisa-2022-results-volume-i_53f23881-en.html,"PISA 2022 Results (Volume I), Table I.1 — Snapshot of performance in mathematics, reading and science (statlink https://stat.link/d84fig); mean of mathematics 487.0, reading 488.6, science 497.74",2026-09-22
DE,OECD.PISA.MEAN,2022,482.35,2023-12-05,https://www.oecd.org/en/publications/pisa-2022-results-volume-i_53f23881-en.html,"PISA 2022 Results (Volume I), Table I.1 — Snapshot of performance in mathematics, reading and science (statlink https://stat.link/d84fig); mean of mathematics 474.83, reading 479.79, science 492.43",2026-09-22
DK,OECD.PISA.MEAN,2022,490.63,2023-12-05,https://www.oecd.org/en/publications/pisa-2022-results-volume-i_53f23881-en.html,"PISA 2022 Results (Volume I), Table I.1 — Snapshot of performance in mathematics, reading and science (statlink https://stat.link/d84fig); mean of mathematics 489.27, reading 488.8, science 493.82",2026-09-22
ES,OECD.PISA.MEAN,2022,477.33,2023-12-05,https://www.oecd.org/en/publications/pisa-2022-results-volume-i_53f23881-en.html,"PISA 2022 Results (Volume I), Table I.1 — Snapshot of performance in mathematics, reading and science (statlink https://stat.link/d84fig); mean of mathematics 473.14, reading 474.31, science 484.53",2026-09-22
FI,OECD.PISA.MEAN,2022,495.11,2023-12-05,https://www.oecd.org/en/publications/pisa-2022-results-volume-i_53f23881-en.html,"PISA 2022 Results (Volume I), Table I.1 — Snapshot of performance in mathematics, reading and science (statlink https://stat.link/d84fig); mean of mathematics 484.14, reading 490.22, science 510.96",2026-09-22
FR,OECD.PISA.MEAN,2022,478.34,2023-12-05,https://www.oecd.org/en/publications/pisa-2022-results-volume-i_53f23881-en.html,"PISA 2022 Results (Volume I), Table I.1 — Snapshot of performance in mathematics, reading and science (statlink https://stat.link/d84fig); mean of mathematics 473.94, reading 473.85, science 487.23",2026-09-22
GB,OECD.PISA.MEAN,2022,494.35,2023-12-05,https://www.oecd.org/en/publications/pisa-2022-results-volume-i_53f23881-en.html,"PISA 2022 Results (Volume I), Table I.1 — Snapshot of performance in mathematics, reading and science (statlink https://stat.link/d84fig); mean of mathematics 488.98, reading 494.4, science 499.67",2026-09-22
GR,OECD.PISA.MEAN,2022,436.46,2023-12-05,https://www.oecd.org/en/publications/pisa-2022-results-volume-i_53f23881-en.html,"PISA 2022 Results (Volume I), Table I.1 — Snapshot of performance in mathematics, reading and science (statlink https://stat.link/d84fig); mean of mathematics 430.15, reading 438.44, science 440.79",2026-09-22
HK,OECD.PISA.MEAN,2022,520.16,2023-12-05,https://www.oecd.org/en/publications/pisa-2022-results-volume-i_53f23881-en.html,"PISA 2022 Results (Volume I), Table I.1 — Snapshot of performance in mathematics, reading and science (statlink https://stat.link/d84fig); mean of mathematics 540.35, reading 499.7, science 520.42",2026-09-22
HU,OECD.PISA.MEAN,2022,477.21,2023-12-05,https://www.oecd.org/en/publications/pisa-2022-results-volume-i_53f23881-en.html,"PISA 2022 Results (Volume I), Table I.1 — Snapshot of performance in mathematics, reading and science (statlink https://stat.link/d84fig); mean of mathematics 472.78, reading 472.97, science 485.89",2026-09-22
ID,OECD.PISA.MEAN,2022,368.99,2023-12-05,https://www.oecd.org/en/publications/pisa-2022-results-volume-i_53f23881-en.html,"PISA 2022 Results (Volume I), Table I.1 — Snapshot of performance in mathematics, reading and science (statlink https://stat.link/d84fig); mean of mathematics 365.53, reading 358.57, science 382.86",2026-09-22
IE,OECD.PISA.MEAN,2022,503.83,2023-12-05,https://www.oecd.org/en/publications/pisa-2022-results-volume-i_53f23881-en.html,"PISA 2022 Results (Volume I), Table I.1 — Snapshot of performance in mathematics, reading and science (statlink https://stat.link/d84fig); mean of mathematics 491.65, reading 516.01, science 503.85",2026-09-22
IL,OECD.PISA.MEAN,2022,465.49,2023-12-05,https://www.oecd.org/en/publications/pisa-2022-results-volume-i_53f23881-en.html,"PISA 2022 Results (Volume I), Table I.1 — Snapshot of performance in mathematics, reading and science (statlink https://stat.link/d84fig); mean of mathematics 457.9, reading 473.83, science 464.75",2026-09-22
IT,OECD.PISA.MEAN,2022,476.77,2023-12-05,https://www.oecd.org/en/publications/pisa-2022-results-volume-i_53f23881-en.html,"PISA 2022 Results (Volume I), Table I.1 — Snapshot of performance in mathematics, reading and science (statlink https://stat.link/d84fig); mean of mathematics 471.26, reading 481.6, science 477.46",2026-09-22
JP,OECD.PISA.MEAN,2022,532.69,2023-12-05,https://www.oecd.org/en/publications/pisa-2022-results-volume-i_53f23881-en.html,"PISA 2022 Results (Volume I), Table I.1 — Snapshot of performance in mathematics, reading and science (statlink https://stat.link/d84fig); mean of mathematics 535.58, reading 515.85, science 546.63",2026-09-22
KR,OECD.PISA.MEAN,2022,523.51,2023-12-05,https://www.oecd.org/en/publications/pisa-2022-results-volume-i_53f23881-en.html,"PISA 2022 Results (Volume I), Table I.1 — Snapshot of performance in mathematics, reading and science (statlink https://stat.link/d84fig); mean of mathematics 527.3, reading 515.42, science 527.82",2026-09-22
MX,OECD.PISA.MEAN,2022,406.76,2023-12-05,https://www.oecd.org/en/publications/pisa-2022-results-volume-i_53f23881-en.html,"PISA 2022 Results (Volume I), Table I.1 — Snapshot of performance in mathematics, reading and science (statlink https://stat.link/d84fig); mean of mathematics 395.03, reading 415.36, science 409.89",2026-09-22
MY,OECD.PISA.MEAN,2022,404.36,2023-12-05,https://www.oecd.org/en/publications/pisa-2022-results-volume-i_53f23881-en.html,"PISA 2022 Results (Volume I), Table I.1 — Snapshot of performance in mathematics, reading and science (statlink https://stat.link/d84fig); mean of mathematics 408.69, reading 388.09, science 416.31",2026-09-22
NL,OECD.PISA.MEAN,2022,480.08,2023-12-05,https://www.oecd.org/en/publications/pisa-2022-results-volume-i_53f23881-en.html,"PISA 2022 Results (Volume I), Table I.1 — Snapshot of performance in mathematics, reading and science (statlink https://stat.link/d84fig); mean of mathematics 492.68, reading 459.24, science 488.32",2026-09-22
NO,OECD.PISA.MEAN,2022,474.4,2023-12-05,https://www.oecd.org/en/publications/pisa-2022-results-volume-i_53f23881-en.html,"PISA 2022 Results (Volume I), Table I.1 — Snapshot of performance in mathematics, reading and science (statlink https://stat.link/d84fig); mean of mathematics 468.45, reading 476.52, science 478.23",2026-09-22
NZ,OECD.PISA.MEAN,2022,494.69,2023-12-05,https://www.oecd.org/en/publications/pisa-2022-results-volume-i_53f23881-en.html,"PISA 2022 Results (Volume I), Table I.1 — Snapshot of performance in mathematics, reading and science (statlink https://stat.link/d84fig); mean of mathematics 479.07, reading 500.85, science 504.13",2026-09-22
PE,OECD.PISA.MEAN,2022,402.42,2023-12-05,https://www.oecd.org/en/publications/pisa-2022-results-volume-i_53f23881-en.html,"PISA 2022 Results (Volume I), Table I.1 — Snapshot of performance in mathematics, reading and science (statlink https://stat.link/d84fig); mean of mathematics 391.24, reading 408.25, science 407.78",2026-09-22
PH,OECD.PISA.MEAN,2022,352.48,2023-12-05,https://www.oecd.org/en/publications/pisa-2022-results-volume-i_53f23881-en.html,"PISA 2022 Results (Volume I), Table I.1 — Snapshot of performance in mathematics, reading and science (statlink https://stat.link/d84fig); mean of mathematics 354.72, reading 346.55, science 356.17",2026-09-22
PL,OECD.PISA.MEAN,2022,492.28,2023-12-05,https://www.oecd.org/en/publications/pisa-2022-results-volume-i_53f23881-en.html,"PISA 2022 Results (Volume I), Table I.1 — Snapshot of performance in mathematics, reading and science (statlink https://stat.link/d84fig); mean of mathematics 488.96, reading 488.71, science 499.16",2026-09-22
PT,OECD.PISA.MEAN,2022,477.62,2023-12-05,https://www.oecd.org/en/publications/pisa-2022-results-volume-i_53f23881-en.html,"PISA 2022 Results (Volume I), Table I.1 — Snapshot of performance in mathematics, reading and science (statlink https://stat.link/d84fig); mean of mathematics 471.91, reading 476.59, science 484.37",2026-09-22
QA,OECD.PISA.MEAN,2022,421.94,2023-12-05,https://www.oecd.org/en/publications/pisa-2022-results-volume-i_53f23881-en.html,"PISA 2022 Results (Volume I), Table I.1 — Snapshot of performance in mathematics, reading and science (statlink https://stat.link/d84fig); mean of mathematics 414.11, reading 419.3, science 432.4",2026-09-22
SA,OECD.PISA.MEAN,2022,387.24,2023-12-05,https://www.oecd.org/en/publications/pisa-2022-results-volume-i_53f23881-en.html,"PISA 2022 Results (Volume I), Table I.1 — Snapshot of performance in mathematics, reading and science (statlink https://stat.link/d84fig); mean of mathematics 388.78, reading 382.55, science 390.39",2026-09-22
SE,OECD.PISA.MEAN,2022,487.43,2023-12-05,https://www.oecd.org/en/publications/pisa-2022-results-volume-i_53f23881-en.html,"PISA 2022 Results (Volume I), Table I.1 — Snapshot of performance in mathematics, reading and science (statlink https://stat.link/d84fig); mean of mathematics 481.77, reading 486.98, science 493.55",2026-09-22
SG,OECD.PISA.MEAN,2022,559.55,2023-12-05,https://www.oecd.org/en/publications/pisa-2022-results-volume-i_53f23881-en.html,"PISA 2022 Results (Volume I), Table I.1 — Snapshot of performance in mathematics, reading and science (statlink https://stat.link/d84fig); mean of mathematics 574.66, reading 542.55, science 561.43",2026-09-22
TH,OECD.PISA.MEAN,2022,393.96,2023-12-05,https://www.oecd.org/en/publications/pisa-2022-results-volume-i_53f23881-en.html,"PISA 2022 Results (Volume I), Table I.1 — Snapshot of performance in mathematics, reading and science (statlink https://stat.link/d84fig); mean of mathematics 393.95, reading 378.66, science 409.26",2026-09-22
TR,OECD.PISA.MEAN,2022,461.72,2023-12-05,https://www.oecd.org/en/publications/pisa-2022-results-volume-i_53f23881-en.html,"PISA 2022 Results (Volume I), Table I.1 — Snapshot of performance in mathematics, reading and science (statlink https://stat.link/d84fig); mean of mathematics 453.15, reading 456.08, science 475.94",2026-09-22
TW,OECD.PISA.MEAN,2022,533.21,2023-12-05,https://www.oecd.org/en/publications/pisa-2022-results-volume-i_53f23881-en.html,"PISA 2022 Results (Volume I), Table I.1 — Snapshot of performance in mathematics, reading and science (statlink https://stat.link/d84fig); mean of mathematics 547.09, reading 515.17, science 537.38",2026-09-22
US,OECD.PISA.MEAN,2022,489.41,2023-12-05,https://www.oecd.org/en/publications/pisa-2022-results-volume-i_53f23881-en.html,"PISA 2022 Results (Volume I), Table I.1 — Snapshot of performance in mathematics, reading and science (statlink https://stat.link/d84fig); mean of mathematics 464.89, reading 503.94, science 499.41",2026-09-22
