id,country,publisher,section,title,opening_text,your_label
b01,Russia,Time Magazine,friction,Democratic Leaders Fear the New Russia Sanctions Bill Could 'Harm' Americans. Here's Why - Time Magazine,"President Donald Trump on Friday signed a sweeping Russia sanctions bill intended to target the country's financial institutions and the energy industry, which has largely financed the assault on Ukraine. The legislation, which also extends sanctions on Iran's energy and weapons sectors, has been hailed for its harsher measures on Russia, with Ukrainian President Volodymyr Zelensky calling it “an extremely powerful t",
b02,Egypt,The Cairo Review of Global Affairs,broad,"Crisis Management, or Long-term Planning? New Handbook Maps Out Egypt’s Economic Future - The Cairo Review of Global Affairs","Crisis Management, or Long-term Planning? New Handbook Maps Out Egypt’s Economic Future The newly published Oxford Handbook of the Egyptian Economy, an initiative of the Egypt Economic Development and Policies project, administered by the American University in Cairo, is the first comprehensive overview of the country’s economy Egypt, nestled between Africa, Asia, and Europe, has earned the fond moniker “Mother of th",
b03,Italy,motorcycles.news,friction,Motorcycle Tax Italy 2027: Who Is Exempt and Who Still Pays - motorcycles.news,"- No tax on payments falling due between 1 January and 31 December 2027 - Motorcycles without any power limit, cars only up to 80 kW (109 hp) - According to the government, around 1.1 million motorcycles benefit In Italy, the annual tax on owning a vehicle is called the bollo. Motorcyclists have had to pay it every year, even if the machine never leaves the garage. For 2027 this levy will be dropped for many riders. ",
b04,Indonesia,Indonesia Business Post,friction,Indonesia’s agrarian affairs minister’s confidants questioned in KPK corruption probe - Indonesia Business Post,Indonesia’s agrarian affairs minister’s confidants questioned in KPK corruption probe Two alleged confidants questioned as KPK traces Rp106.3 billion (US$6.03 million) in cash and an alleged money-pooling network linked to land services Indonesia's Corruption Eradication Commission (KPK) has questioned two private-sector suspects identified as alleged confidants of Agrarian Affairs and Spatial Planning Minister Nusro,
b05,Hungary,Hungary Today,security,Gripen Fighter Jet Crashes at Szolnok Military Base - Hungary Today,"With the arrival of the two new aircraft, the Hungarian fleet now consists of eighteen Gripen jets.Continue reading New information is continuously emerging about the Gripen crash in Szolnok (central-eastern Hungary), which occurred Monday morning on the grounds of the local helicopter base, Világgazdaság reported. Prime Minister Péter Magyar announced on social media this morning that a Gripen fighter jet belonging ",
b06,Austria,FXStreet,broad,Austria’s economy is growing – But momentum remains subdued - FXStreet,"Austria’s economy is growing – But momentum remains subdued Growth, yes – Momentum, no In early September, Statistics Austria published a preliminary estimate of economic performance for the second quarter of 2026. According to the data, the Austrian economy contracted by -0.1% compared to the previous quarter. On a year-over-year basis, economic activity increased by +0.4%, following 0.8% growth in the first quarter",
b07,New Zealand,Adobe for Business,information,Why AI readiness is the next test for the New Zealand government - Adobe for Business,Adobe for Business,
b08,India,INDIA New England News,order,Bombay High Court Warns Vijay Mallya Against Posting Court Documents Online - INDIA New England News,"Bombay High Court Warns Vijay Mallya Against Posting Court Documents Online Mumbai — The Bombay High Court has warned businessman Vijay Mallya against posting court documents on social media while proceedings related to a money laundering investigation by the Enforcement Directorate remain pending, a lawyer said Tuesday. Advocate Ashish Mehta said the court issued the warning after the ED objected to Mallya posting t",
b09,Germany,Audacy,security,germany-military-plane-crash-us-base-spangdahlem: Latest Updates - Audacy,"GERMANY-MILITARY-PLANE-CRASH-US-BASE-SPANGDAHLEM {'id': 2298869326, 'url': 'germany-military-plane-crash-us-base-spangdahlem', 'path': 'germany-military-plane-crash-us-base-spangdahlem', 'slug': 'germany-military-plane-crash-us-base-spangdahlem', 'tags': [], 'type': 4, 'order': 195317, 'title': 'germany-military-plane-crash-us-base-spangdahlem', 'extras': {}, 'status': 2, 'site_id': 27332427, 'full_url': 'germany-mil",
b10,India,The Tribune,information,Leverage Edu Appoints Prabhakar Kalavacherla as Independent Director & Chair of Audit Committee - The Tribune,"Leverage Edu Appoints Prabhakar Kalavacherla as Independent Director & Chair of Audit Committee Appointment brings 35 years of global audit, accounting and risk expertise to Leverage Edu's Board, strengthens Governance as Co starts preparing for IPO New Delhi, India – Leverage Edu, an AI-native global talent mobility & upskilling platform, today announced the appointment of Prabhakar Kalavacherla, formerly of KPMG an",
b11,India,Forbes India,information,Shoma Chaudhury's long game: From a journalist to convener of the world's sharpest minds - Forbes India,"Shoma Chaudhury is the founder of Synapse Conclave, a platform that convenes scientists, policymakers, technologists, and global thinkers to debate artificial intelligence, geopolitics, and climate, held in India rather than in Davos or San Francisco. Chaudhury's own record precedes the conclave. She is a winner of the Ernest Hemingway Award for political journalism, the Chameli Devi Award for best woman journalist f",
b12,Sweden,Crain Currency,friction,Spotify’s Lorentzon says he’d leave Sweden if wealth tax imposed - Crain Currency,Crain Currency,
b13,Denmark,fundsforNGOs,edge,Open Call: Project Grants in Bioscience and Basic Biomedicine (Denmark) - fundsforNGOs,fundsforNGOs,
b14,Singapore,Bloomberg.com,order,Mizuho Files Case Against Radiant World in Singapore Court - Bloomberg.com,"Mizuho Files Case Against Radiant World in Singapore Court Mizuho Bank Ltd. has initiated legal action against Radiant World in Singapore’s High Court, according to court documents. It is the first legal action taken by a major lender to Radiant World to become public since Bloomberg News reported last month on concerns the iron ore trader had provided banks with allegedly falsified documents to secure financing.",
b15,Belgium,ET Manufacturing,broad,"India stabilising factor, useful counterweight to China's dominance in Asia: Belgium Defence Minister - ET Manufacturing","- Aerospace & Defence - 3 min read India stabilising factor, useful counterweight to China's dominance in Asia: Belgium Defence Minister Belgium sees a security interest in India's growing military base. India's stability is vital for Belgium's economy and global power balance. Belgian firms will supply components for Indian tanks and rifles. Belgium Defence and Trade Minister Theo Francken on Thursday talked about t",
b16,Israel,The Jerusalem Post,information,"IDF arrests Press TV journalist in West Bank, handing her to Israel Police - The Jerusalem Post","Palestinian-American journalist Naqqa Hamed, a correspondent for Iranian state-run news channel PressTV, was detained by IDF soldiers near Bethlehem on Tuesday, English-language PressTV reported. A PressTV journalist was detained, an IDF source told The Jerusalem Post on Wednesday. Hamed and a camera crew were stopped at a local checkpoint by soldiers, who allegedly searched them before arresting Hamed, PressTV repor",
b17,Japan,Reuters,broad,Japan upgrades Q2 GDP on slight capex improvement - Reuters,Reuters,
b18,China,Fierce Biotech,order,China targets 25% share of global first-in-class drugs in new 5-year plan - Fierce Biotech,Fierce Biotech,
b19,Brazil,Bloomberg.com,order,Lula Warns Against Election Meddling at UN as Trump Looms Over Vote - Bloomberg.com,"Lula Warns Against Election Meddling at UN as Trump Looms Over Vote Brazil’s Luiz Inácio Lula da Silva sent a thinly veiled message to Donald Trump in a speech at the United Nations, warning foreign countries to stay out of October’s presidential election. Speaking just before the US president at the UN General Assembly on Tuesday, the leftist leader insisted that Brazil “will not allow the enemies of democracy, whet",
b20,Finland,Helsinki Times,order,Finland’s Supreme Court backs police use of force to remove hijabs - Helsinki Times,Helsinki Times,
b21,France,Business and Human Rights Centre,order,"France: Court rules Volvic's ""carbon neutral"" claims misleading, Danone to appeal - Business and Human Rights Centre","France: Court rules Volvic's ""carbon neutral"" claims misleading, Danone to appeal ""Volvic to appeal after French court rules green claims were misleading"", 30 June 2026 The ruling, handed down by the Paris Judicial Court on 23 June, was welcomed on Monday as a “landmark” decision by the French consumer association CLCV. Danone – the French food and drinks giant that owns Volvic – said it contested both the court’s re",
b22,Chile,Latin America Reports,order,Chile students protest right-wing political forum as Milei defends Pinochet - Latin America Reports,"Hundreds of students took to the streets of Chile’s capital city, Santiago, on Thursday to protest the opening of the Madrid Forum, a gathering of international right-wing and far-right figures. Protesters criticized what they described as the revival of ideas associated with fascist former dictator Augusto Pinochet and opposed President José Antonio Kast’s security reforms. The protests came as Argentine President J",
b23,Japan,South China Morning Post,security,Warning against Japan’s military build-up surfaces at Beijing security conference - South China Morning Post,"Warning against Japan’s military build-up surfaces at Beijing Xiangshan conference Chinese scholars say Tokyo’s security expansion and US ties could trigger regional instability Japan might raise its midterm budget to 3-3.5 per cent of the country’s gross domestic product in line with Nato and other US allies, Bloomberg reported earlier this week, as the US pushes its allies in Asia and Europe to boost their own defe",
b24,Australia,USA Facts,friction,What is the average US tariff rate for Australia? - USA Facts,What is the average US tariff rate for Australia? 4.9% 2.8% The “effective tariff rate” is based on estimated customs duties: tariffs and other import-related fees that the US collects on goods brought into the country. These estimates don’t always match the exact amount importers paid. Why? - Some goods qualify for partial or full duty-free treatment (like some goods made by a trading partner with a free trade agree,
b25,"Hong Kong SAR, China",Reuters,order,Hong Kong court jails two Tiananmen vigil group leaders for 7 years - Reuters,Reuters,
b26,Switzerland,Simple Flying,security,This Airbus A321 Has Been Sitting Abandoned In Switzerland For Over 4 Years: Here’s Why - Simple Flying,"An AeroflotAirbus A321 has been stranded at Geneva Airport (GVA) in Switzerland since February 2022, when Russia’s invasion of Ukraine triggered sweeping aviation sanctions and the closure of European airspace to Russian airlines. Registered VP-BOE, the narrowbody arrived from Moscow Sheremetyevo Airport (SVO) on February 27, 2022, but never made its planned return flight. More than four years later, the aircraft rem",
b27,Brazil,Qazinform,edge,Brazil introduces tax incentives to attract data center investment - Qazinform,"Brazil introduces tax incentives to attract data center investment The new regime, known as Redata, was signed into law on September 15, 2026. Under the program, companies involved in the construction or expansion of data centers will be eligible for tax incentives provided they meet a set of government requirements. The benefits may also be extended to suppliers of equipment and technology products used in approved ",
b28,Indonesia,chinadailyasia.com,security,Chinese military to participate in exercise in Indonesia - chinadailyasia.com,"The Chinese military will participate in the ""trident resolve"" live-field exercise under the ASEAN Defense Ministers' Meeting Plus in Indonesia from Tuesday to Friday, according to China's Ministry of National Defense. The ministry stated that the Chinese military will send a detachment to the exercise, which is set against the backdrop of earthquakes and secondary complex disasters. It includes tabletop simulations ",
b29,India,TradingView,edge,JPMorgan to step up investment in India's GIFT City branch - report - TradingView,"JPMorgan to step up investment in India's GIFT City branch - report Less than 1 min read JPMorgan Chase JPM is stepping up its investment in India's international financial hub, GIFT City, Bloomberg News reported, citing global co-head of payments, Max Neukirchen. The Wall Street lender opened its GIFT City branch in 2022, the report noted. ""We've been there for four years now and have a few hundred clients there, wi",
b30,Colombia,George W. Bush Presidential Center,order/security,"U.S.-Colombia policy should reinforce democratic institutions, rule of law to restore security - George W. Bush Presidential Center","The United States has an opportunity to reinvigorate its relationship with Colombia under the country’s new president, Abelardo de la Espriella, who took office in August and has expressed a desire to work more closely with Washington. Secretary of State Marco Rubio made Colombia his first stop on a three-country tour of South America last week, where he met with de la Espriella. De la Espriella was narrowly elected ",
